folder,image,class_name,roll,pitch,yaw,confidence,num_points
20240525,n0_164413_235568.png,A011M413,-176.69833276870688,-71.52860782570383,123.0265893252166,0.6562813709675885,29623
20240529,15_n0_1452_172985.png,A011B0084,-176.6357690497054,-71.58694146059233,123.80237056520298,0.6534450841960973,30814
20240529,n0_132918_330377.png,A011B0084,-176.60437322604022,-71.35252310074117,121.44259054350388,0.6454731237586284,31487
20240529,n1_132921_010590.png,A011M413,-177.62721576690262,-71.04870215425593,122.93732465066161,0.6591957012163527,26232
20240529,n3_132926_729598.png,A011M413,-177.47734405896378,-71.38891533075757,122.49194524297407,0.6517840265536039,27001
