folder,image,class_name,x,y,z,distance,confidence,depth_type
20240525,n0_164413_235568.png,A011M413,0.6912726759910583,-0.747456967830658,2.2482268810272217,2.468010187149048,0.632553219795227,simulated
20240529,15_n0_1452_172985.png,A011B0084,0.6884469985961914,-0.7376170754432678,2.2505393028259277,2.466366767883301,0.6324838399887085,simulated
20240529,n0_132918_330377.png,A011B0084,0.6993242502212524,-0.7555868029594421,2.251399517059326,2.4756343364715576,0.6324580311775208,simulated
20240529,n1_132921_010590.png,A011M413,0.7300269603729248,-0.7650051712989807,2.247889995574951,2.4841864109039307,0.6325633525848389,simulated
20240529,n3_132926_729598.png,A011M413,0.7091857194900513,-0.7618533372879028,2.2490124702453613,2.47818922996521,0.632529616355896,simulated
